"id","area","feature","user_story","expected_behavior","test_status","bug_notes","fix_status"
"F01","Shell/Nav","Top nav routing","As a visitor, I click a nav button so I can switch between the app's 8 views.","Clicking Meanings/Sounds/Languages/Regions/Look-alikes/Compare/About/Sources shows only that view's #view-* block and marks the clicked button .active with the square notch; all others hide.","pass","",""
"F02","Shell/Nav","Maker's plate -> Sources","As a visitor, I click the version stamp in the nav so I can see where the data came from.","Clicking #navplate navigates to the Sources view and shows version/lang/shape counts.","pass","",""
"F03","Shell/Nav","Deep links (#c=/#l=/#r=/#v=)","As a visitor, I share a URL so a friend lands on the exact meaning/language/region/look-alike I was viewing.","On load, applyHash() reads the hash and opens the matching view+selection. Back/forward navigation re-applies a changed hash without re-triggering on writes this tab made itself.","pass","",""
"F04","Shell/Nav","Keyboard activation + focus restore","As a keyboard user, I press Enter on a focused row/cell/chip so I can activate it without a mouse.","Enter on any .crow/.langrow/td.cell/.shape/.lshape/.chip/.wlink/.dothit fires its click handler; after the re-render, focus moves to the equivalent element (same host id + dataset) if the original node was destroyed.","pass","",""
"F05","Meanings","Search meanings","As a visitor, I type in the meaning search box so the list narrows to matches.","Typing in #conceptSearch filters CORE.concepts by case-insensitive substring match on gloss; list re-renders live.","pass","",""
"F06","Meanings","Select a meaning","As a visitor, I click a meaning so I can see every language's word for it.","selectConcept loads concept/<ckey>.json, groups entries by shape, shows a lede sentence (N languages / M shapes / tier composition) and one card per shape listing each language's word.","pass","",""
"F07","Meanings","Word -> form sheet","As a visitor, I click a language's word under a meaning so I can see its full detail.","Clicking a .wlink in the meaning detail calls ensureShape then openSheet with the right glottocode|shape key; the bottom sheet opens with that Form's data.","pass","",""
"F08","Meanings","'see in Sounds ->' from meaning card","As a visitor, I jump from a meaning's shape card to the Sounds heatmap.","gotoShape(shape) switches to Explore, preselects the shape's onset+nucleus cell and the shape chip, and redraws heatmap/map/lang list.","pass","",""
"F09","Sounds","Onset filter chips","As a visitor, I toggle an onset-class chip so I can include/exclude that class of sounds.","Clicking an onset chip toggles state.onsetOn; excluded onset rows dim (opacity .3, inert - no tabindex/click) in the heatmap and their shapes disappear from shape lists/map/lang counts.","pass","",""
"F10","Sounds","Tier filter chips + removal count","As a visitor, I toggle curated/mined/generated so I can filter by source trust.","Clicking a tier chip toggles state.tierOn and re-renders heatmap/map/langs restricted to on tiers. Hiding 'generated' shows a 'hiding generated would remove N language(s)' count next to the tier chips.","pass","",""
"F11","Sounds","Heatmap grid + dial readout","As a visitor, I hover/click a heatmap cell so I can see and select an onset x vowel combination.","Hovering/focusing a cell updates the #dial line with language count + tier composition + observed-vs-expected ratio text; leaving the grid reverts the dial to the current selection (or the placeholder hint). Clicking a non-dim cell sets state.onset/nuc and re-renders shapes/map/langs.","pass","Was FAIL - see fix_status. Original bug (race condition, reproduced headlessly): boot() writes #stamp (page looks ready) roughly 300-500ms before its OWN async default-selection chain (selectConcept for the top meaning + ensureShape for the top shape's chunk, both awaited) finishes and calls renderHeatmap()/renderShapes() again. A user who clicked a heatmap cell (or a meaning) in that window had their selection silently overwritten the moment boot()'s own pending default-selection resolved. Retested post-fix with a dedicated regression case (early click fired right when #stamp appears, then wait past the settle window): the click now sticks. 4 consecutive full harness runs, 38/38 pass, no flakiness.","fixed: web/app.js boot() now checks !state.concept / !state.onset immediately before applying its own default selection, so a real user action that landed while the default was still in flight always wins. Added the same stale-response guard (re-check state after the await, bail if a newer selection won) to selectConcept() and selectConvMeaning(), which share the identical await-then-paint pattern."
"F12","Sounds","Cell never a bare count","As a visitor relying on the honesty guarantee, every heatmap number must show its tier makeup somewhere.","The cell shows only a bare numeral by design, but its title/aria-label and the dial line always carry tier composition (e.g. '3 curated 1 mined') alongside the count - never the numeral alone as the only signal.","pass","",""
"F13","Sounds","Shape chip selection","As a visitor, I click a shape chip under the heatmap so I can drill into one specific sound.","Clicking a .shape chip sets state.shape, fetches its chunk via ensureShape if chunked, marks it .sel, and redraws the map + language list for that shape.","pass","",""
"F14","Sounds","Language list under selected shape","As a visitor, I read the list of languages that have my selected shape.","renderLangs lists each posting matching active tiers, leading with the word+tone, gloss, language name, review flag, and tier badge; clicking a row opens its form sheet.","pass","",""
"F15","Sounds","World map three-state dots","As a visitor, I look at the map so I can see where my selected shape occurs, versus languages with no data at all.","Dots: filled dark blue = has the selected shape (with a small red square if under_review); mid-grey small dot = doesn't have it but has other data; hollow ring (no fill, dark stroke) = language has zero open monosyllables (structurally-absent, a confident claim); a language missing lat/long is never plotted and is instead counted in the 'unmapped' note.","pass","",""
"F16","Sounds","Map dot -> form sheet","As a visitor, I click a lit map dot so I can see that language's detail for the selected shape.","Only dots with the selected shape get class dothit + tabindex; clicking opens the sheet for that language+shape.","pass","",""
"F17","Languages","Search languages/region","As a visitor, I type in the language search box so the list narrows by language name or macroarea.","Typing in #langSearch filters langIndex() by case-insensitive match on language name OR macroarea.","pass","",""
"F18","Languages","Select a language","As a visitor, I click a language so I can see every open-monosyllable shape it has.","selectLanguage shows a lede (shape count + tier composition), region/coordinates/doc-status/prosodic-type/example-word-count note, and one portal card per shape (onset-sorted) with tier badge and review flag.","pass","",""
"F19","Languages","Shape portal card -> sheet","As a visitor, I click anywhere on a language's shape card so I can open that form's detail.","Clicking the card (outside its inner button/link) or the shape text itself calls ensureShape then openSheet for that glottocode|shape.","pass","",""
"F20","Regions","Select a region","As a visitor, I click a macro-region so I can see how many of its languages have open monosyllables.","selectRegion shows a lede (language count + distinct shape count + tier composition) and a language list sorted by shape count, each with a 3-shape IPA preview.","pass","",""
"F21","Regions","Region language row -> Languages view (pre-filtered)","As a visitor, I click a language inside a region so I land on that language's detail with the region context kept.","pickLang navigates to Languages, pre-fills #langSearch with the region name, then selects the language - so the filtered list still shows the region's other languages.","pass","",""
"F22","Look-alikes","Search meanings (>=2 languages only)","As a visitor, I type in the look-alikes search box so the list narrows to shareable meanings.","renderConvMeanings only lists concepts with lang_count>=2, filtered by the search text; sorted by lang_count descending.","pass","",""
"F23","Look-alikes","Chance-vs-cognate banner","As a visitor, I need the page to warn me before I over-interpret a coincidence.","CONV_BANNER renders at the top of every look-alikes detail state (with data, without shared shapes, and the empty state) - the caveat text is never skippable.","pass","",""
"F24","Look-alikes","Select a meaning -> shared shapes","As a visitor, I pick a meaning so I can see which shapes >=2 languages independently use for it.","selectConvMeaning groups entries by shape, keeps only shapes with >=2 distinct languages, and shows one card per shared shape with each language's word/tier/review flag - or an explicit 'no shape is shared' message when none qualify.","pass","",""
"F25","Compare","Pin a form","As a visitor, I press '+ compare' in a form's sheet so I can add it to a side-by-side comparison.","pin(key) adds the key to state.pins (no duplicates), updates the #pinBadge count/visibility, and refreshes the compare route if open.","pass","",""
"F26","Compare","Compare grid layout","As a visitor, I open Compare so I can see my pinned forms side by side.","renderCompare lays out one column per pin in a CSS grid with a shared ledger column (word/words/tones/language/tier/openness/evidence rows), so rows stay aligned across columns.","pass","",""
"F27","Compare","Unpin a form","As a visitor, I remove a pinned form so the comparison shrinks.","unpin(key) removes it from state.pins, updates the badge, and re-renders the compare grid (or the empty state if none remain).","pass","",""
"F28","Compare","Empty-state guidance","As a first-time visitor to Compare, I need to know how to add something.","With zero pins, #compare shows guidance linking to Meanings/Sounds plus the no-similarity-score note - never a blank pane.","pass","",""
"F29","Compare","No similarity score (load-bearing honesty rule)","As a visitor, I should never see a fabricated 'these are X% similar' number.","Neither the compare grid nor any other view computes or displays a similarity/relatedness score between forms - juxtaposition only.","pass","",""
"F30","Form sheet","Sheet contents","As a visitor, I open a form's detail sheet so I can see its full evidence trail.","openSheet renders IPA, language name, tier badge, classification-confidence badge (+ 'pending review' flag if under_review), audio provenance line (or an honest 'no audio' note), preferred/all sources, tones, nucleus type, and each example word with gloss links.","pass","",""
"F31","Form sheet","Play audio from sheet","As a visitor, I press the play button in the sheet so I can hear the shape.","playBtn only renders when AUDIO[shape] exists; clicking sets the #player src to audio/<file> and calls .play().","pass","",""
"F32","Form sheet","Pin/unpin toggle inside sheet","As a visitor, I pin or unpin a form directly from its open sheet.","The sheet header shows '+ compare' or 'in compare x' depending on state.pins, and clicking re-opens the same sheet so the label flips immediately.","pass","",""
"F33","Form sheet","Close sheet","As a visitor, I dismiss the bottom sheet.","#sheetClose removes the .open class, sliding the sheet back down via CSS transition.","pass","",""
"F34","Form sheet","Gloss -> jump to concept","As a visitor, I click a linked gloss in a form's word list so I can see that meaning everywhere.","Clicking a gloss with a concepticon_id calls jumpConcept, which navigates to Meanings and selects that concept.","pass","",""
"F35","About","Methodology content","As a visitor, I read About so I understand the honesty rules before trusting any number.","#about renders static prose covering inclusion rule, tier meanings (with a live example calibration strip), review-flag meaning, no-similarity-score policy, and why coverage is uneven.","pass","",""
"F36","Sources","Source credit table","As a visitor, I check Sources so I know where a dataset came from and under what licence.","#sources lists every CORE.sources row (id, tier badge, licence) sorted by licence then id, above the CC-BY-NC-SA release-licence explanation.","pass","",""
"F37","Data loading","Boot sequence + stamps","As a visitor loading the app cold, I need every view's stat line to reflect the currently active dataset.","boot() reads data/current.json to pick BASE/CHUNKED, loads core.json (+ forms.json when unchunked), audio manifest, and land topology, then fills every '<n> languages / <n> shapes' stamp across all 5 header views plus the nav plate.","pass","Confirmed live: 1,926 languages / 13,819 shapes served correctly. Note: this is the real number the app serves today - see F48 for the README figures that no longer matched it (now fixed).",""
"F38","Data loading","Graceful failure banner","As a visitor whose data failed to load (e.g. wrong serving root), I need an explanatory error, not a blank page.","boot().catch appends a red-text paragraph telling the user to serve from the project root with python3 -m http.server and open /web/.","pass","Verified by forcing every fetch to fail: the red #A63A22 banner with the exact serve-from-root instructions appears.",""
"F39","Pipeline","Canonicalization (oms-canon-v1)","As a data curator, I need every source form reduced to one stable, tone-blind Shape key.","oms/canon.py applies the 12-rule oms-canon-v1 scheme (NFD-normalize, strip tone/stress/tie-bars, preserve length/nasalization/syllabicity) and never merges contrastive segments (e.g. /a/ vs /a-with-retracted-tongue-root/ stay distinct).","pass","tests/test_canon.py (7 tests, incl. test_contrastive_not_merged, test_tone_blind_grouping, test_idempotent) all pass.",""
"F40","Pipeline","Openness classifier","As a data curator, I need only true open monosyllables (one syllable, ends in a vowel) admitted.","oms/openness.py includes diphthongs, excludes syllabic consonants, requires exactly one syllable, and emits a 3-level Classification Confidence + under_review flag per ADR-0001.","pass","tests/test_openness.py (5 tests, incl. test_diphthongs_are_in, test_syllabic_consonants_are_out) all pass.",""
"F41","Pipeline","Feature annotation (onset class / nucleus bucket)","As a UI, I need every shape tagged with the heatmap's row/column keys.","oms/features.py assigns each Form an onset_class (one of the 10 ONSET_ORDER values) and nucleus_bucket (one of the 8 NUC_ORDER values) used verbatim by the heatmap.","pass","Confirmed indirectly: the live heatmap renders all 10 onset rows x 8 nucleus columns against real baked data with no unmapped/'other' overflow surprises found while browsing.",""
"F42","Pipeline","Confidence-Tier ratchet + preferred-source pick","As a data curator merging multiple sources for the same Form, I need a deterministic 'best evidence wins' rule.","oms/model.py's ratchet() only ever moves a Form's tier toward curated (never regresses); same-tier conflicts resolve to one deterministic preferred source (conformance-ranked).","pass","tests/test_pipeline.py::test_multi_source_ratchets_tier passes.",""
"F43","Pipeline","Zero-Forms / no-data language path","As a visitor browsing a thinly-documented language, I need to see 'no open monosyllables found' rather than a crash or silent omission.","A language with zero qualifying Forms still appears in CORE.languages (form_count 0) and renders as a hollow-ring map dot / an entry with no shapes in Languages view - never dropped from the catalog.","pass","tests/test_pipeline.py::test_zero_form_language_is_no_data passes; live map shows hollow-ring dots.",""
"F44","Pipeline","BAKE step (blob vs chunked)","As an operator, I run oms.bake so the pipeline output becomes the static assets the Explorer fetches.","bake() produces core.json + forms.json; write_build(..., chunk=True) instead emits per-shape/per-concept chunk files under shape/ and concept/, and tripwires() flags size/consistency problems.","pass","tests/test_pipeline.py::test_bake_core_index and tests/test_scaleout.py::test_chunked_bake_and_tripwires pass; the live chunked build under data/scaled/oms-canon-v1/ (shape/ + concept/ dirs) is being served correctly.",""
"F45","Pipeline","Audio synthesis (espeak-ng + ToucanTTS seam)","As an operator, I run oms.audio so every renderable shape gets a pre-rendered clip.","oms/audio.py tries ToucanTTS first (IMS_TOUCAN_HOME) then falls back to espeak-ng Kirshenbaum synthesis per shape; unrenderable shapes get no clip (an honest gap, never a broken audio tag) and the manifest records provenance/lossy per clip.","pass","espeak-ng is installed; verified all 13,107 web/audio/manifest.json entries have a corresponding non-zero-byte .webm file on disk (no missing/corrupt clips).",""
"F46","Pipeline","CLDF ingestion + licence gate","As an operator, I ingest a new Lexibank CLDF dataset so its languages join the catalog - unless its licence forbids it.","oms/ingest_cldf.load() reads metadata.json's license field (never the GitHub API), raises ValueError blocking NC/ND-family licences, and allows CC0/BY/BY-SA/BY-NC/BY-NC-SA/dual-Wiktionary/MIT/Apache.","pass","Directly exercised clearance_ok() against 8 licence strings: CC0/BY/BY-NC/BY-NC-SA all ALLOW, BY-ND/BY-NC-ND/unlicensed/NOASSERTION all BLOCK - matches the documented gate exactly. See F48: the gate's own widened behavior (NC now allowed) had drifted from an unrelated stale README claim, not from the code (now fixed).",""
"F47","Pipeline","Scale-out driver + tripwires","As an operator, I run oms.scaleout so all cleared CLDF datasets merge with the seed into one chunked build.","scaleout.main() discovers CLDF dirs under sources/, merges each cleared dataset with the seed via run_datasets(), writes a chunked build, and prints the tripwire report (or 'none' when clean).","pass","tests/test_scaleout.py (5 tests) pass; the live data/scaled build demonstrably merged 31 sources (incl. grollemundbantu) into 1,926 languages.",""
"F48","Docs","README reflects the actual data/pipeline state","As a new contributor reading README.md, I need its Status/module tables to describe what the app actually does today, not a stale snapshot.","The Status table's dataset numbers, the 'what's blocked' claims, and the test count in 'Run it' should match the current code and data.","pass","Was FAIL - see fix_status. Confirmed stale on 3 counts: (1) Status section claimed '63 languages, 1,004 shapes, 819 audio clips' and 'five CC-BY Lexibank datasets cloned' - the live build actually serves 1,926 languages / 13,819 shapes / 13,107 audio clips from 31 sources. (2) README claimed Grollemund Bantu (CC-BY-NC) is 'correctly blocked' by the licence gate as a demonstration of the block rule - but the gate's own _ALLOWED set (oms/ingest_cldf.py) was widened on 2026-07-04 to admit CC-BY-NC/CC-BY-NC-SA, and grollemundbantu IS present in data/scaled/oms-canon-v1/core.json's sources list today. (3) 'Run it' said the test suite is 20 tests; it actually runs 27, and the module table omitted oms/ingest_wikipron.py, oms/fetch_glosses.py, oms/toucan_infer.py entirely. Retested: numbers/claims/module table now verified against the live data build, the licence gate's actual _ALLOWED set, and `python3 -m unittest discover -s tests` output.","fixed: rewrote README.md's Status section, module table, and 'Run it' test count to match the current 31-source / 1,926-language / 13,819-shape / 13,107-clip build and the widened CC-BY-NC licence gate; added the 3 missing modules to the file-map table."
